fr_orig,dms_orig,dms_dest,fr_dest,fr_inmode,dms_mode,fr_outmode,sctg2,trade_type,tons_2022,value_2022,
,350,350,,,1,,1,1,200.766893,520.787296,274.3496844
,350,350,,,5,,1,1,0.001002,0.001082,
,350,350,,,1,,2,1,240.822146,69.122904,
,350,350,,,1,,3,1,719.033668,575.160095,
,350,350,,,5,,3,1,0.187821,0.419457,
,350,350,,,1,,4,1,1244.191559,209.821124,
,350,350,,,1,,5,1,40.005033,339.413307,
,350,350,,,1,,6,1,47.280779,116.695122,
,350,350,,,5,,6,1,0.00243,1.44676,
,350,350,,,1,,7,1,2367.485892,1147.436104,
,350,350,,,2,,7,1,103.021239,2.291286,
,350,350,,,5,,7,1,0.001016,0.001008,
,350,350,,,7,,7,1,33.591029,37.220321,
,350,350,,,1,,8,1,369.999751,933.379157,
,350,350,,,5,,8,1,0.00129,2.79767,
,350,350,,,1,,10,1,23.911835,58.283414,
,350,350,,,1,,11,1,754.078184,17.098194,
,350,350,,,1,,12,1,89492.56633,1352.009443,
,350,350,,,2,,12,1,16.042011,0.001268,
,350,350,,,1,,13,1,151.548191,6.676822,
,350,350,,,2,,13,1,133.4326,2.015714,
,350,350,,,5,,13,1,5.642281,0.001057,
,350,350,,,2,,15,1,0.001,0.001031,
,350,350,,,1,,16,1,89.3,56.133227,
,350,350,,,6,,16,1,690.2,433.779413,
,350,350,,,1,,17,1,884.65069,638.586499,
,350,350,,,1,,18,1,338.777332,370.883418,
,350,350,,,6,,18,1,821.99142,619.988051,
,350,350,,,1,,19,1,26415.58739,2546.08886,
,350,350,,,2,,19,1,0.29155,0.941994,
,350,350,,,6,,19,1,25500.02667,7717.1415,
,350,350,,,1,,20,1,360.123165,328.451644,
,350,350,,,2,,20,1,274.495426,3.9937,
,350,350,,,5,,20,1,0.809549,0.026032,
,350,350,,,7,,20,1,0.00118,0.001039,
,350,350,,,1,,21,1,10.494998,288.503705,
,350,350,,,5,,21,1,0.083961,10.845394,
,350,350,,,1,,22,1,625.165674,402.904671,
,350,350,,,2,,22,1,48.004764,34.059091,
,350,350,,,1,,23,1,171.247115,424.410998,
,350,350,,,5,,23,1,6.336437,159.260684,
,350,350,,,7,,23,1,5.081624,117.053824,
,350,350,,,1,,24,1,99.066455,568.461958,
,350,350,,,5,,24,1,0.29223,3.313608,
,350,350,,,1,,25,1,262.300973,5.335202,
,350,350,,,1,,26,1,540.200073,872.244749,
,350,350,,,5,,26,1,0.002268,0.223011,
,350,350,,,1,,27,1,31.988232,36.304847,
,350,350,,,1,,28,1,59.299152,171.420397,
,350,350,,,5,,28,1,0.001369,0.00116,
,350,350,,,1,,29,1,18.161642,123.389172,
,350,350,,,5,,29,1,1.096721,25.88328,
,350,350,,,1,,30,1,10.249597,102.651258,
,350,350,,,5,,30,1,1.725526,17.715381,
,350,350,,,1,,31,1,31007.70198,2606.114969,
,350,350,,,5,,31,1,0.022571,0.667995,
,350,350,,,1,,32,1,123.261924,236.221703,
,350,350,,,5,,32,1,0.045155,0.001143,
,350,350,,,1,,33,1,267.368398,1858.930866,
,350,350,,,5,,33,1,0.109511,17.639865,
,350,350,,,1,,34,1,108.997957,1303.770341,
,350,350,,,2,,34,1,3.866133,0.109849,
,350,350,,,5,,34,1,0.630378,27.768619,
,350,350,,,7,,34,1,0.001217,0.497224,
,350,350,,,1,,35,1,130.800423,1813.889278,
,350,350,,,5,,35,1,0.881251,107.620095,
,350,350,,,7,,35,1,0.00315,7.299158,
,350,350,,,1,,36,1,22.785886,254.913119,
,350,350,,,5,,36,1,3.575723,83.324744,
,350,350,,,7,,36,1,0.001023,0.001051,
,350,350,,,1,,37,1,0.704067,13.985689,
,350,350,,,1,,38,1,8.223992,236.530973,
,350,350,,,5,,38,1,0.001003,0.040076,
,350,350,,,1,,39,1,181.345261,956.790824,
,350,350,,,1,,40,1,269.415298,827.491394,
,350,350,,,5,,40,1,6.304672,216.847758,
,350,350,,,1,,41,1,2800.702071,54.23473,
,350,350,,,2,,41,1,8.240263,5.914228,
,350,350,,,7,,41,1,11.380916,5.757672,
,350,350,,,1,,43,1,1177.619121,3532.919827,
,350,350,,,5,,43,1,3.577014,36.209781,
802,350,350,,1,1,,1,2,8.187033,23.489929,
802,350,350,,1,1,,2,2,1.618174,0.743343,
802,350,350,,1,1,,3,2,136.067458,39.735114,
803,350,350,,4,1,,3,2,0.001529,0.01347,
804,350,350,,4,1,,3,2,0.002601,0.176958,
806,350,350,,4,1,,3,2,0.004738,0.04394,
802,350,350,,1,1,,4,2,58.8733,8.745725,
802,350,350,,1,1,,6,2,0.205821,0.098053,
804,350,350,,4,1,,6,2,0.020185,0.056782,
802,350,350,,1,1,,7,2,34.526166,19.590611,
804,350,350,,4,1,,8,2,0.000298,0.004275,
802,350,350,,1,1,,13,2,0.003466,0.01355,
804,350,350,,4,1,,20,2,0.001119,0.082412,
802,350,350,,1,1,,23,2,4.44807,0.578276,
804,350,350,,4,1,,23,2,0.001884,0.241206,
807,350,350,,4,1,,23,2,0.001553,0.272813,
801,350,350,,4,1,,24,2,0.014464,0.002993,
802,350,350,,1,1,,24,2,23.007727,138.832307,
803,350,350,,4,1,,24,2,0.034045,0.029431,
804,350,350,,4,1,,24,2,5.035055,1.928644,
806,350,350,,4,1,,24,2,0.075309,0.028212,
807,350,350,,4,1,,24,2,0.415788,0.563912,
808,350,350,,4,1,,24,2,0.001209,0.016366,
802,350,350,,1,1,,26,2,0.372127,0.145682,
804,350,350,,4,1,,26,2,0.010483,0.038606,
805,350,350,,4,1,,26,2,0.002739,0.06739,
802,350,350,,1,1,,28,2,0.061988,0.221009,
804,350,350,,4,1,,28,2,0.00023,0.003258,
807,350,350,,4,1,,28,2,0.000955,0.020371,
801,350,350,,4,1,,29,2,0.000022,0.003559,
807,350,350,,4,1,,29,2,0.000499,0.00425,
802,350,350,,1,1,,30,2,0.257174,3.465547,
802,350,350,,4,1,,30,2,0.000395,0.00596,
803,350,350,,4,1,,30,2,0.026031,0.365982,
804,350,350,,4,1,,30,2,0.001279,0.036661,
806,350,350,,4,1,,30,2,0.018152,0.533622,
807,350,350,,4,1,,30,2,0.003263,0.092767,
802,350,350,,1,1,,31,2,2.753691,3.019853,
803,350,350,,4,1,,31,2,0.000578,0.034909,
804,350,350,,4,1,,31,2,0.006507,0.14319,
805,350,350,,4,1,,31,2,0.000138,0.009501,
806,350,350,,4,1,,31,2,0.001157,0.007602,
807,350,350,,4,1,,31,2,0.006118,1.000611,
808,350,350,,4,1,,31,2,0.001215,0.096194,
801,350,350,,4,1,,32,2,0.000049,0.017503,
802,350,350,,1,1,,32,2,0.626303,1.07289,
804,350,350,,4,1,,32,2,0.000639,0.040208,
806,350,350,,4,1,,32,2,0.000515,0.004596,
801,350,350,,4,1,,33,2,0.000068,0.003593,
802,350,350,,1,1,,33,2,1.40912,16.494652,